{
  "project_info": {
    "project_number": "422364270699",
    "firebase_url": "https://anything2home-e7f22.firebaseio.com",
    "project_id": "anything2home-e7f22",
    "storage_bucket": "anything2home-e7f22.appspot.com"
  },
  "client": [
    {
      "client_info": {
        "mobilesdk_app_id": "1:422364270699:android:ee8dbe67fb911fce9aa12e",
        "android_client_info": {
          "package_name": "com.mindtree.anythingtohome"
        }
      },
      "oauth_client": [
        {
          "client_id": "422364270699-ek9uu1d9c580554rdsmjvtpb2d1lej8t.apps.googleusercontent.com",
          "client_type": 3
        }
      ],
      "api_key": [
        {
          "current_key": "AIzaSyCB2---mT-0n8NjRdT-2kK_gMMpFrnNBWw"
        }
      ],
      "services": {
        "appinvite_service": {
          "other_platform_oauth_client": [
            {
              "client_id": "422364270699-ek9uu1d9c580554rdsmjvtpb2d1lej8t.apps.googleusercontent.com",
              "client_type": 3
            }
          ]
        }
      }
    }
  ],
  "configuration_version": "1"
}